,Chained 2012 Value (millions of dollars),,,,,,,Chained 2012 Value Percent Change,,,,,,,Current Value (millions of dollars),,,,,,,Current Value Percent Change,,,,,,,Tons (thousands),,,,,,,Tons Percent Change,,,,,,,Ton Miles (millions),,,,,,,Ton Miles Percent Change,,,,,,
,2012,2013,2014,2015,2016,2017,2018,2012,2013,2014,2015,2016,2017,2018,2012,2013,2014,2015,2016,2017,2018,2012,2013,2014,2015,2016,2017,2018,2012,2013,2014,2015,2016,2017,2018,2012,2013,2014,2015,2016,2017,2018,2012,2013,2014,2015,2016,2017,2018,2012,2013,2014,2015,2016,2017,2018
Alabama,"254,678","254,973","262,113","267,676","270,952","271,894","279,873",,0.001161854,0.028002835,0.021221945,0.012239687,0.003477214,0.029345886,"254,678","257,684","270,579","261,466","259,459","271,079","289,624",,0.011806375,0.050039421,-0.033677845,-0.007677787,0.044787792,0.068411773,"324,980","317,167","328,370","335,793","340,229","342,844","359,791",,-0.024041245,0.035319866,0.022608003,0.013208682,0.007687119,0.049431169,"82,798","82,026","86,045","88,179","86,849","88,328","92,197",,-0.009316224,0.048994611,0.024802068,-0.01508514,0.01702808,0.043799189
Alaska,"69,774","65,554","70,364","71,921","71,610","72,279","72,595",,-0.060482508,0.073369346,0.022135401,-0.004326716,0.009340335,0.004372958,"69,774","66,362","69,321","53,225","49,341","54,763","61,472",,-0.048903923,0.044591214,-0.232189777,-0.072973868,0.109870746,0.122520529,"81,011","78,511","78,539","78,249","75,473","75,152","74,717",,-0.030862765,0.000361699,-0.003694067,-0.035472151,-0.004254885,-0.005793918,"115,567","114,751","112,469","109,126","107,426","106,308","103,113",,-0.007056485,-0.019888405,-0.029724423,-0.015584277,-0.010407004,-0.030045512
Arizona,"187,589","191,561","194,236","195,739","193,994","190,836","195,643",,0.021177336,0.013959879,0.007741872,-0.008916427,-0.016281498,0.025189478,"187,589","193,620","199,882","196,695","194,695","197,634","208,668",,0.032148803,0.032343247,-0.015944097,-0.01016959,0.01509908,0.055829682,"172,250","170,709","176,977","178,895","177,866","176,085","182,582",,-0.008950112,0.036717948,0.010837012,-0.005749937,-0.010011048,0.036893495,"41,181","41,806","43,743","43,195","41,396","40,395","41,384",,0.015166161,0.046341507,-0.012528759,-0.0416424,-0.024183656,0.024478593
Arkansas,"149,443","150,788","151,100","147,210","146,981","148,777","153,578",,0.009004311,0.002064702,-0.025741249,-0.001555208,0.012217006,0.032268646,"149,443","152,645","157,124","142,013","136,883","144,380","153,361",,0.021430303,0.029339899,-0.096170923,-0.036123553,0.054770946,0.06220161,"237,889","238,570","240,786","225,306","226,112","226,103","235,483",,0.002860231,0.00928928,-0.064290258,0.003581091,-3.92654E-05,0.041484814,"60,945","62,199","61,965","56,832","55,337","55,927","57,810",,0.020574449,-0.003762837,-0.082840021,-0.026289443,0.010651637,0.033663744
California,"2,014,266","2,044,520","2,079,056","2,084,382","2,077,562","2,117,995","2,178,434",,0.015019547,0.016892217,0.002561715,-0.003271886,0.019461577,0.028536,"2,014,266","2,062,316","2,118,265","2,030,120","2,002,354","2,093,092","2,224,253",,0.023854718,0.027129083,-0.04161155,-0.01367702,0.04531564,0.062663732,"1,102,935","1,144,298","1,165,710","1,186,517","1,195,574","1,213,873","1,229,053",,0.037502231,0.018712356,0.017849381,0.007633113,0.015305177,0.012505572,"298,555","342,569","355,717","353,193","349,679","357,864","349,008",,0.147422821,0.038381719,-0.007096662,-0.009948332,0.023406613,-0.024746659
Colorado,"196,777","197,344","202,560","202,510","202,658","205,755","213,256",,0.002878922,0.026431975,-0.000247832,0.000730292,0.01528612,0.036452141,"196,777","199,716","208,042","192,404","188,164","197,760","212,123",,0.014936873,0.041688779,-0.075169945,-0.022033304,0.050996667,0.072628721,"299,318","305,560","323,655","317,583","319,826","326,385","339,883",,0.020853172,0.059219678,-0.018761822,0.007064317,0.020507347,0.041357315,"83,615","81,599","84,011","81,503","79,342","81,695","85,969",,-0.024111486,0.0295522,-0.029843373,-0.026519769,0.02965892,0.052309513
Connecticut,"209,780","210,623","212,978","212,433","207,924","205,269","211,024",,0.004016115,0.011183324,-0.002559083,-0.021225755,-0.012770099,0.028035698,"209,780","212,304","217,932","205,268","197,880","202,878","216,304",,0.01203321,0.026504957,-0.058106326,-0.035991829,0.025254312,0.066179717,"120,441","116,969","119,071","121,026","120,303","117,868","120,122",,-0.028830876,0.01797013,0.016418773,-0.005971839,-0.020237229,0.019121085,"26,460","26,348","25,963","26,624","26,059","25,478","25,673",,-0.004226304,-0.014630458,0.025477801,-0.021225056,-0.022299436,0.007670329
Delaware,"55,271","53,148","51,946","53,860","53,145","52,374","52,991",,-0.038411895,-0.022621955,0.036847789,-0.013266927,-0.014508265,0.011779483,"55,271","53,614","52,909","49,313","47,135","49,541","53,479",,-0.029976577,-0.01315082,-0.06795766,-0.04417233,0.05103761,0.079498188,"50,702","43,899","42,162","45,203","48,571","47,607","47,487",,-0.134167719,-0.039574425,0.072135194,0.074507649,-0.019850214,-0.002520828,"4,659","4,728","4,612","4,692","4,939","5,616","5,491",,0.014746191,-0.024470697,0.017480808,0.05256124,0.137140727,-0.022371778
District of Columbia,"6,426","12,513","11,661","12,629","13,210","12,194","14,689",,0.947323039,-0.06806579,0.083026309,0.04600954,-0.07695553,0.204673246,"6,426","12,603","11,959","12,538","13,310","12,839","15,872",,0.961368709,-0.051086978,0.04840549,0.061596721,-0.035376089,0.236208064,"5,626","6,293","5,603","6,336","6,602","6,709","7,131",,0.118519961,-0.109597343,0.130806907,0.041879702,0.016270785,0.062908644,759,958,763,"1,044","1,161","1,024","1,374",,0.261467131,-0.203642687,0.368135885,0.112714183,-0.118567722,0.342525313
Florida,"577,191","568,476","567,831","571,616","569,835","572,960","582,705",,-0.015099863,-0.001134325,0.006664832,-0.003115454,0.005485238,0.017007862,"577,191","573,023","579,185","555,256","546,956","568,851","600,778",,-0.00722237,0.010753515,-0.041314419,-0.01494773,0.040030833,0.056124671,"563,750","599,063","618,793","659,854","689,669","689,805","712,820",,0.062639733,0.032935704,0.066356358,0.045183842,0.000196873,0.033364999,"99,315","110,317","111,924","112,882","114,238","114,557","117,468",,0.110787626,0.014561113,0.008566078,0.012009932,0.002787803,0.025417834
Georgia,"526,852","528,043","544,439","552,200","542,816","551,266","572,725",,0.00226161,0.03104947,0.014255734,-0.016993813,0.015566165,0.03892759,"526,852","533,775","560,088","550,939","535,485","559,079","598,326",,0.013140445,0.049297149,-0.016336126,-0.028049356,0.044061034,0.070198375,"382,243","378,686","388,765","393,377","406,010","409,554","427,128",,-0.009304609,0.026616333,0.011862808,0.032114557,0.008728601,0.042910116,"82,562","85,700","88,293","88,597","89,466","90,626","94,699",,0.038004804,0.030252255,0.003440131,0.00981447,0.012963431,0.044944097
Hawaii,"30,218","30,537","31,460","32,847","31,160","31,949","31,584",,0.010542873,0.030220812,0.044095032,-0.051362167,0.025315574,-0.011424757,"30,218","30,590","31,134","26,751","23,871","26,119","28,472",,0.012303287,0.01777277,-0.140762045,-0.107672879,0.094180973,0.090073152,"43,622","44,063","44,608","43,236","43,740","44,284","43,626",,0.010118375,0.01238078,-0.030767407,0.011648012,0.012443559,-0.014855995,"4,015","4,225","4,562","4,626","4,532","7,804","6,848",,0.052445815,0.079625645,0.014032715,-0.020253932,0.721851844,-0.122441873
Idaho,"60,741","60,164","59,532","58,253","59,155","58,715","61,308",,-0.00949522,-0.010510783,-0.021491591,0.015489017,-0.007435724,0.044163234,"60,741","60,703","60,929","55,776","55,123","56,338","60,470",,-0.000623002,0.003722635,-0.084582455,-0.01169876,0.02204184,0.073332734,"117,662","108,237","108,277","108,474","111,354","111,454","118,044",,-0.080104247,0.000365048,0.001826386,0.026541707,0.000905246,0.059124654,"44,935","45,128","44,977","44,395","44,509","44,875","47,339",,0.004284734,-0.003346288,-0.01292784,0.002557615,0.008228487,0.054901974
Illinois,"1,019,064","1,019,943","1,042,146","1,027,975","1,024,424","1,042,826","1,072,416",,0.000862422,0.021768774,-0.013597529,-0.003454323,0.017962789,0.028374538,"1,019,064","1,022,470","1,046,227","966,345","941,232","998,225","1,074,236",,0.003341621,0.023235249,-0.076351965,-0.025987676,0.060551586,0.076145653,"797,520","858,269","899,328","873,622","869,036","869,573","900,532",,0.076172422,0.047838932,-0.028583068,-0.005249924,0.000618851,0.035602471,"205,415","215,667","221,320","218,046","217,703","215,818","216,505",,0.049906021,0.026213874,-0.014793974,-0.001569732,-0.00866028,0.003184077
Indiana,"442,305","454,334","466,340","459,109","458,439","465,225","477,815",,0.027194451,0.026427251,-0.015505965,-0.00146104,0.014804406,0.02706155,"442,305","454,992","469,054","440,776","431,265","453,355","484,035",,0.028684063,0.030904686,-0.060287028,-0.021577929,0.051222349,0.067671211,"418,659","448,381","459,561","441,292","444,275","450,717","459,818",,0.070995086,0.024932633,-0.039752278,0.006760204,0.014499447,0.02019253,"89,559","98,472","100,656","95,697","98,777","98,749","100,440",,0.099518816,0.022187625,-0.049271276,0.03218016,-0.000282705,0.017125929
Iowa,"241,105","244,879","252,768","253,454","256,395","256,894","262,333",,0.015652014,0.032218401,0.002710452,0.011605334,0.001948223,0.021168514,"241,105","245,878","252,541","239,329","231,727","238,321","251,199",,0.01979566,0.027100194,-0.052318163,-0.03176399,0.028457538,0.054037809,"397,327","411,907","434,768","450,752","468,620","461,789","465,875",,0.036694492,0.055502107,0.036763901,0.039640549,-0.014576516,0.008848294,"109,274","113,079","121,203","121,532","126,881","126,087","129,311",,0.034826461,0.071846027,0.002714896,0.044007715,-0.006255727,0.025568949
Kansas,"243,873","252,782","255,913","255,260","262,143","259,051","263,407",,0.036530246,0.012385711,-0.002552988,0.026966831,-0.011797709,0.016816859,"243,873","253,122","255,727","233,124","227,102","234,403","248,507",,0.037924512,0.01028916,-0.088386433,-0.025829572,0.032144717,0.060170455,"285,585","306,387","310,536","323,194","355,196","334,401","336,603",,0.07284231,0.013540704,0.040760764,0.099018671,-0.058545823,0.006586527,"88,299","96,268","97,704","101,747","114,283","106,095","105,197",,0.090246882,0.014911866,0.041384967,0.1232007,-0.07164525,-0.00846321
Kentucky,"332,221","340,251","355,164","355,621","356,242","360,897","372,811",,0.024172258,0.043828249,0.001286321,0.001747537,0.013067351,0.033010716,"332,221","341,994","360,569","347,043","343,008","359,338","384,671",,0.029418451,0.054313909,-0.037513898,-0.011625584,0.047608111,0.070497149,"350,848","349,880","365,198","353,301","329,241","335,478","346,950",,-0.002757513,0.043780309,-0.032576221,-0.068100993,0.018944369,0.034193787,"115,477","113,630","116,748","109,051","99,674","101,306","103,379",,-0.0159912,0.027435261,-0.065926225,-0.085985966,0.016374796,0.020460683
Louisiana,"500,094","472,753","478,663","468,688","476,095","480,485","490,340",,-0.054671162,0.012502076,-0.020839124,0.015802791,0.009221746,0.020509168,"500,094","471,731","466,861","357,685","335,408","373,146","421,447",,-0.056714195,-0.010323241,-0.233852553,-0.062279283,0.112513463,0.129440611,"835,513","761,859","780,094","762,911","786,338","824,518","885,892",,-0.088153799,0.023935216,-0.022027153,0.030707673,0.048553663,0.074436584,"210,239","236,329","236,012","218,826","217,531","222,195","233,898",,0.124094342,-0.001340748,-0.072819779,-0.005915763,0.021437583,0.052671809
Maine,"53,700","55,015","56,879","56,792","54,579","55,460","56,239",,0.024486842,0.033883055,-0.001519928,-0.038972669,0.016138299,0.014059657,"53,700","55,659","58,468","53,964","50,224","53,457","56,863",,0.036484021,0.050473897,-0.077033273,-0.069299897,0.064364821,0.063716228,"74,635","72,529","73,622","73,613","73,525","73,439","74,503",,-0.028217463,0.015063128,-0.000115974,-0.001197161,-0.001170683,0.014491266,"14,545","14,229","14,484","14,142","14,129","14,398","14,464",,-0.021740833,0.017895101,-0.023574221,-0.000947073,0.019054729,0.004564235
Maryland,"218,994","217,413","221,063","220,211","219,390","221,294","230,765",,-0.007220297,0.016787895,-0.003854815,-0.003727077,0.008677724,0.04280053,"218,994","219,486","226,781","218,402","214,865","223,048","240,477",,0.002243221,0.033241024,-0.036951372,-0.016194574,0.038086092,0.078142318,"164,563","155,457","161,266","164,399","164,857","165,380","176,198",,-0.055336474,0.037368591,0.019424946,0.002786283,0.003173076,0.065412858,"23,538","22,780","23,513","22,944","23,035","23,268","24,078",,-0.032215947,0.032189221,-0.024200591,0.003976613,0.010110456,0.034810001
Massachusetts,"266,876","269,328","271,564","275,089","271,442","271,909","276,677",,0.009187279,0.00830137,0.012979155,-0.013255035,0.001718133,0.017537543,"266,876","271,218","275,960","262,601","255,048","266,038","282,507",,0.016267114,0.01748705,-0.048411605,-0.028759778,0.043089748,0.06190328,"155,435","158,415","159,554","162,868","164,379","163,232","165,763",,0.019168469,0.007195237,0.020765772,0.009278453,-0.006978791,0.015504765,"18,969","19,818","21,336","22,389","20,310","20,664","22,586",,0.044764145,0.076622509,0.049325336,-0.092831579,0.017409159,0.093038308
Michigan,"587,691","595,181","608,521","610,134","613,298","621,755","635,574",,0.012744898,0.022414134,0.002649576,0.005186092,0.0137889,0.022226667,"587,691","599,100","619,627","601,444","600,470","625,552","659,085",,0.019413767,0.034262747,-0.029344376,-0.00161931,0.041770757,0.053604051,"380,458","395,063","405,342","410,396","414,093","420,844","439,085",,0.038387424,0.026019131,0.012468438,0.009007428,0.016304715,0.043341971,"104,151","112,076","113,058","112,551","113,923","117,335","120,699",,0.076082243,0.008770808,-0.004492137,0.012195033,0.029948033,0.028667626
Minnesota,"330,586","320,559","323,801","325,732","327,664","330,732","336,087",,-0.030329874,0.010112065,0.005964188,0.005931325,0.00936226,0.016192414,"330,586","322,234","327,308","312,990","308,064","320,154","336,835",,-0.025264544,0.015746343,-0.043744283,-0.015737258,0.039243607,0.052102364,"466,165","432,110","430,704","445,571","459,713","461,479","464,726",,-0.073053138,-0.003253456,0.034517141,0.031739595,0.003842377,0.00703605,"171,806","161,027","163,349","162,754","168,978","169,801","172,617",,-0.062736149,0.014418563,-0.00364511,0.038240376,0.00487565,0.016581494
Mississippi,"198,618","195,894","193,240","191,635","190,995","192,654","198,446",,-0.013714898,-0.013549223,-0.00830397,-0.003344493,0.008689758,0.03006422,"198,618","199,053","199,954","179,865","175,365","185,166","198,968",,0.002190174,0.004523528,-0.10046716,-0.025021008,0.055888583,0.07453883,"290,364","276,981","269,016","266,992","271,389","273,599","285,593",,-0.046090809,-0.028755347,-0.007522824,0.016466604,0.008143706,0.043837313,"72,117","68,909","67,260","65,142","66,293","67,240","72,056",,-0.044489032,-0.023924104,-0.031489361,0.017658014,0.014284407,0.071632275
Missouri,"274,323","277,608","286,106","276,837","278,140","279,254","283,361",,0.011973797,0.030611578,-0.032396379,0.004705677,0.004004991,0.014708301,"274,323","280,664","292,361","275,508","273,066","282,299","296,245",,0.023112834,0.041676015,-0.057642829,-0.00886347,0.033809871,0.049402638,"271,455","293,630","309,522","286,258","297,815","299,040","301,378",,0.081693082,0.054121662,-0.075161206,0.040372766,0.004113332,0.007817413,"76,208","77,064","79,788","72,407","72,581","73,103","73,744",,0.011227047,0.03534539,-0.092498713,0.002392409,0.00719796,0.008765469
Montana,"60,808","57,497","59,547","58,856","57,452","57,589","58,629",,-0.054450864,0.035655801,-0.01159552,-0.023862125,0.002392322,0.018057902,"60,808","57,451","57,639","43,877","39,884","43,927","49,512",,-0.05520535,0.003279221,-0.238768356,-0.090995206,0.101364943,0.127139804,"158,953","142,406","143,246","139,573","132,769","130,839","137,414",,-0.104097268,0.00590097,-0.025645567,-0.048751002,-0.01453507,0.050251106,"105,179","92,381","93,573","92,989","84,464","86,751","89,899",,-0.121675849,0.012902017,-0.006244617,-0.091676388,0.027077924,0.036290688
Nebraska,"148,575","151,449","153,573","154,017","155,077","156,240","160,636",,0.019341954,0.014025291,0.00288638,0.006882668,0.007500034,0.028138507,"148,575","151,264","152,992","143,139","137,014","141,793","148,933",,0.018095634,0.01142301,-0.064400191,-0.04279164,0.034876242,0.050358641,"258,420","275,542","279,412","284,246","288,235","289,177","302,364",,0.066256815,0.014044922,0.017300045,0.014034868,0.003266294,0.045601451,"97,984","101,474","102,440","103,972","107,207","108,924","113,891",,0.035615703,0.009524472,0.014948922,0.03111811,0.016018384,0.045598998
Nevada,"81,327","79,675","79,474","79,656","80,071","82,578","82,842",,-0.020316107,-0.002524756,0.002286737,0.005215626,0.031303649,0.003196332,"81,327","80,538","81,835","79,423","79,312","84,081","86,773",,-0.009709744,0.01611076,-0.029479338,-0.001400946,0.060128309,0.032020992,"76,043","76,573","74,462","77,575","79,777","79,470","80,727",,0.006966306,-0.027557071,0.041805568,0.028379883,-0.003845822,0.015818595,"25,695","20,685","20,227","20,339","21,059","20,268","18,742",,-0.1950009,-0.022108672,0.005547287,0.035366628,-0.037564945,-0.07529436
New Hampshire,"45,832","45,629","46,870","46,495","45,536","46,722","48,376",,-0.004433854,0.027204249,-0.008005829,-0.0206311,0.026053113,0.035402651,"45,832","45,851","47,489","43,977","42,234","45,191","48,935",,0.000420332,0.035725452,-0.07396874,-0.039622577,0.070019482,0.082842195,"36,817","35,452","36,491","37,269","37,152","37,727","40,602",,-0.037084704,0.029299072,0.021325225,-0.003144977,0.015481978,0.076214324,"4,549","4,370","4,816","4,628","4,701","4,827","5,589",,-0.039362416,0.10196244,-0.038917887,0.015710063,0.026770315,0.157875624
New Jersey,"627,145","628,948","640,327","645,990","636,195","642,556","660,104",,0.002875057,0.018091439,0.008843876,-0.015162796,0.009998539,0.027310989,"627,145","634,225","653,856","623,580","606,543","636,153","680,899",,0.011288603,0.030953995,-0.04630483,-0.027320172,0.048817564,0.070337512,"342,009","343,010","347,537","353,327","353,124","352,625","356,641",,0.002928347,0.013198857,0.016658062,-0.000575092,-0.001410747,0.011388524,"59,173","61,872","64,376","63,285","64,018","65,384","66,139",,0.045615888,0.040474689,-0.01695881,0.011585281,0.021340715,0.011542757
New Mexico,"80,231","80,434","85,558","88,553","86,070","86,945","99,096",,0.002536879,0.063695186,0.035010069,-0.028043106,0.010166806,0.139759799,"80,231","81,092","86,152","74,350","69,530","73,890","89,144",,0.010731032,0.062398302,-0.136986256,-0.064831513,0.062702352,0.20644332,"127,622","125,450","137,835","140,746","128,702","128,965","150,556",,-0.017019834,0.098722414,0.021124873,-0.085576978,0.002047418,0.167412119,"36,183","35,482","38,929","43,766","41,819","43,306","52,436",,-0.019379379,0.097156708,0.124259389,-0.044495006,0.035558044,0.210830488
New York,"780,414","783,352","790,971","782,507","772,029","768,325","785,428",,0.003765062,0.009725472,-0.010700288,-0.013390199,-0.004798558,0.022260182,"780,414","789,917","807,963","773,097","757,770","776,246","819,957",,0.012176269,0.022845769,-0.043152662,-0.019825301,0.024382234,0.056310572,"476,908","475,435","472,982","481,922","475,558","474,277","487,410",,-0.003087294,-0.005160985,0.018902939,-0.013205881,-0.002692906,0.027689069,"86,492","88,858","83,483","83,180","79,096","80,441","81,566",,0.027351223,-0.060482875,-0.003626437,-0.049105856,0.01700581,0.013982806
North Carolina,"426,336","422,920","427,292","422,695","417,531","421,579","430,057",,-0.008012495,0.010336162,-0.010757459,-0.012217524,0.0096957,0.020110684,"426,336","428,484","442,290","427,336","419,322","436,215","459,897",,0.005036585,0.032221907,-0.03381101,-0.018752758,0.040286465,0.054288385,"297,469","304,584","303,286","305,267","320,314","321,217","328,498",,0.023917655,-0.004263804,0.006532441,0.049292183,0.00282063,0.022665183,"61,791","63,444","63,280","62,751","63,497","64,029","65,472",,0.026752932,-0.002585178,-0.008348053,0.01187828,0.008388886,0.022523386
North Dakota,"144,896","163,826","184,880","196,441","193,306","201,689","211,040",,0.130650991,0.128512995,0.06253104,-0.015960559,0.043368931,0.046364331,"144,896","166,056","178,091","128,624","118,238","135,872","164,736",,0.146041823,0.07247414,-0.277760448,-0.080748332,0.149138988,0.212433404,"302,448","337,625","361,875","385,049","396,898","408,546","433,726",,0.116307199,0.071824471,0.064038839,0.030773297,0.029347982,0.061631822,"157,673","170,393","192,727","214,240","210,337","214,990","238,277",,0.080677077,0.131070239,0.111626342,-0.018218245,0.022123553,0.108314762
Ohio,"644,299","641,775","654,773","654,943","652,254","657,377","677,630",,-0.00391745,0.020252825,0.000259309,-0.004105795,0.007855041,0.030809345,"644,299","645,108","666,155","638,152","626,036","652,280","697,054",,0.00125507,0.032625417,-0.04203557,-0.018987407,0.041921218,0.068643239,"571,906","556,740","570,394","575,134","583,934","597,601","617,171",,-0.026518539,0.024525775,0.00830935,0.015299786,0.023405848,0.032747227,"115,686","116,798","120,334","119,843","125,106","128,654","132,107",,0.009611063,0.030280331,-0.004084764,0.043913962,0.028360587,0.026843077
Oklahoma,"215,700","218,070","226,917","227,328","226,999","228,578","239,047",,0.010984996,0.040569356,0.001814995,-0.001449462,0.006956858,0.045798656,"215,700","220,136","231,074","191,007","180,269","195,481","219,238",,0.020563428,0.049686669,-0.173393808,-0.056217731,0.084384102,0.121532927,"344,952","342,618","363,365","369,026","368,336","368,081","395,684",,-0.006764772,0.060554494,0.015577664,-0.001868112,-0.000693716,0.074992333,"98,906","101,829","106,955","108,291","108,372","108,661","116,674",,0.029558703,0.050332477,0.012495816,0.000744226,0.002666657,0.073748349
Oregon,"160,938","162,390","166,780","165,059","170,443","169,776","174,204",,0.009022694,0.027031685,-0.010316241,0.032618109,-0.003912146,0.02608016,"160,938","164,209","170,743","163,685","167,020","170,203","179,761",,0.020324006,0.039790357,-0.041338584,0.020375195,0.019058775,0.056158459,"163,384","165,834","166,288","167,916","176,107","178,687","185,500",,0.014996739,0.002739584,0.009786867,0.04878151,0.014651732,0.038129154,"45,209","45,354","45,913","46,245","46,897","46,954","49,389",,0.00320327,0.012323072,0.007235563,0.014111693,0.001211112,0.05185233
Pennsylvania,"670,421","676,959","686,126","685,102","680,571","687,821","702,688",,0.009752132,0.013541413,-0.001492451,-0.006614173,0.010653304,0.0216139,"670,421","684,131","707,459","667,429","648,660","681,416","726,711",,0.020449921,0.034097736,-0.056582519,-0.028121297,0.050497956,0.066471452,"629,269","642,234","665,025","658,380","654,790","680,517","705,224",,0.020602864,0.035486477,-0.009991853,-0.005452017,0.039290317,0.036306216,"133,324","142,321","149,845","146,692","144,797","149,530","156,173",,0.067487963,0.052862252,-0.021043343,-0.012913236,0.032683366,0.044424056
Rhode Island,"55,604","56,734","57,215","58,424","57,907","58,890","59,480",,0.020318495,0.008474306,0.021137618,-0.008844565,0.016962696,0.010029054,"55,604","56,511","56,806","50,424","47,657","51,503","55,563",,0.016314643,0.005207466,-0.112341259,-0.0548762,0.0806955,0.078831823,"37,617","38,527","39,521","40,245","39,443","40,767","41,408",,0.024206301,0.025788585,0.018329062,-0.019937134,0.033577352,0.015716269,"3,612","3,507","3,878","4,133","4,277","4,374","3,981",,-0.028997831,0.105869965,0.065571615,0.034971497,0.02257382,-0.089865329
South Carolina,"217,503","236,169","244,662","247,415","242,061","243,768","251,652",,0.085818638,0.035959996,0.011253142,-0.021640802,0.007054617,0.032342239,"217,503","238,106","249,787","244,504","236,592","245,445","262,418",,0.094722375,0.049058858,-0.02115067,-0.032358181,0.037416831,0.069153507,"172,018","175,853","179,277","182,929","186,161","187,668","192,890",,0.022294577,0.01947306,0.020368483,0.017669923,0.008093106,0.027824077,"36,163","41,543","42,182","42,341","42,210","44,684","43,725",,0.148758351,0.015381854,0.003770541,-0.00308084,0.058607286,-0.021467612
South Dakota,"55,602","60,506","61,636","61,226","62,432","60,522","62,950",,0.088181022,0.018691253,-0.006655626,0.019702024,-0.030600455,0.040119608,"55,602","59,848","58,603","53,779","52,109","52,766","56,701",,0.076350612,-0.020789958,-0.082326376,-0.031052679,0.012614857,0.074576775,"113,474","134,827","134,823","133,429","137,883","126,519","132,590",,0.188171734,-3.36045E-05,-0.010339045,0.033381345,-0.082419088,0.047987765,"36,405","41,288","41,578","41,382","43,073","40,475","41,821",,0.134107859,0.007035976,-0.004728586,0.04088586,-0.060328766,0.033259435
Tennessee,"394,484","390,158","395,024","398,677","397,077","403,422","413,493",,-0.010963923,0.012471796,0.009246021,-0.004013654,0.015978938,0.024964375,"394,484","394,064","404,942","396,157","392,048","410,650","434,963",,-0.001064346,0.027605786,-0.021694643,-0.010373449,0.047449887,0.059206576,"259,421","256,591","257,781","258,593","270,299","275,581","285,992",,-0.010909564,0.004637587,0.003150207,0.045269968,0.019542081,0.03777783,"68,353","69,439","69,222","68,897","70,250","71,192","73,228",,0.015891991,-0.003125243,-0.004699039,0.019634636,0.013415298,0.028600056
Texas,"2,495,477","2,548,089","2,628,986","2,641,214","2,596,731","2,663,736","2,798,885",,0.021082963,0.031747826,0.004651406,-0.016841993,0.025803758,0.050736592,"2,495,477","2,553,411","2,612,610","2,212,850","2,076,774","2,270,540","2,568,564",,0.023215355,0.023184258,-0.153011624,-0.06149372,0.093301792,0.131256612,"2,353,988","2,417,962","2,542,447","2,581,398","2,549,918","2,614,420","2,763,225",,0.027177031,0.051483389,0.015320185,-0.012195094,0.025295719,0.056917003,"552,976","599,139","631,736","638,279","630,460","645,388","684,256",,0.083480555,0.054407812,0.010357086,-0.012251119,0.023677844,0.060224506
Utah,"142,436","139,803","137,118","136,183","133,927","134,851","141,721",,-0.018482232,-0.019211968,-0.006819018,-0.016563876,0.006901555,0.05094486,"142,436","140,995","140,206","129,426","125,140","130,835","143,315",,-0.010115634,-0.005597106,-0.076884655,-0.033119369,0.045511706,0.095387457,"131,094","133,707","139,186","131,726","126,221","128,522","133,381",,0.019927693,0.040977793,-0.053591801,-0.041792624,0.018228617,0.03780461,"42,170","44,157","46,394","45,109","41,538","42,981","45,566",,0.047119885,0.050649041,-0.027681088,-0.079170029,0.034746898,0.060133855
Vermont,"37,528","37,424","37,009","36,356","34,660","34,041","34,798",,-0.002772593,-0.011090218,-0.017657347,-0.046637792,-0.017874276,0.022250284,"37,528","37,973","38,329","36,550","34,605","34,986","36,898",,0.011842,0.009383083,-0.046416057,-0.053216853,0.011011176,0.05465963,"28,537","28,300","28,676","27,974","28,376","27,924","28,567",,-0.008295094,0.013257466,-0.024469223,0.014362195,-0.015913816,0.023015433,"5,227","5,169","5,096","5,063","5,208","4,976","4,963",,-0.010981786,-0.014135515,-0.006478128,0.028703011,-0.044691173,-0.00249182
Virginia,"299,796","294,169","299,918","301,473","298,919","298,795","307,111",,-0.018770322,0.019542292,0.005184672,-0.008472169,-0.000413743,0.027833159,"299,796","297,750","308,931","301,848","297,074","305,289","323,091",,-0.006825776,0.03755116,-0.022927893,-0.015815013,0.027654548,0.058311157,"257,296","247,734","256,173","263,344","268,424","272,977","279,893",,-0.037162655,0.034063028,0.027991304,0.01929343,0.016961112,0.025333942,"46,814","47,232","48,381","49,167","48,922","52,950","51,100",,0.0089377,0.024323909,0.016235397,-0.004985046,0.082339335,-0.034942734
Washington,"420,316","422,985","439,196","438,772","432,607","430,669","442,666",,0.006349981,0.038324229,-0.000965766,-0.014049559,-0.004479424,0.027854821,"420,316","426,770","445,879","421,113","406,670","417,236","443,792",,0.015352877,0.044777993,-0.055545519,-0.034295856,0.025980171,0.063649224,"326,362","316,466","326,826","324,677","343,765","338,687","344,727",,-0.030322127,0.032738483,-0.006575688,0.058789604,-0.014771163,0.017833644,"77,867","90,239","93,029","93,288","97,722","95,639","96,989",,0.158886819,0.030909417,0.002792982,0.047521898,-0.021307633,0.014110637
West Virginia,"81,499","72,534","72,950","71,379","68,828","70,776","74,975",,-0.110007903,0.005740747,-0.021533568,-0.035736409,0.028299755,0.059330559,"81,499","73,362","75,340","67,931","64,586","70,083","77,072",,-0.099846184,0.026959235,-0.098335993,-0.049237909,0.085113437,0.099715315,"266,770","235,397","229,034","208,837","187,794","202,829","223,342",,-0.117602872,-0.027032879,-0.08818149,-0.100766111,0.080065557,0.101134623,"102,502","85,796","78,360","69,454","60,813","68,120","79,425",,-0.162979941,-0.086673274,-0.113646362,-0.124418315,0.120160821,0.165953225
Wisconsin,"336,000","338,310","345,052","342,384","340,415","344,912","353,799",,0.006876528,0.019926322,-0.007731435,-0.005751126,0.013209241,0.025767155,"336,000","340,975","351,811","331,672","322,677","337,657","358,832",,0.014806221,0.0317805,-0.057244902,-0.027119929,0.046423237,0.062713984,"297,988","302,648","313,759","313,531","311,877","316,809","330,234",,0.015638205,0.036713076,-0.000726747,-0.005273922,0.015814388,0.042374574,"72,598","75,040","79,107","77,974","77,786","80,391","82,975",,0.03363513,0.054193836,-0.014317534,-0.002413702,0.033487796,0.032149815
Wyoming,"57,584","57,391","58,184","57,867","55,202","55,876","59,270",,-0.003337526,0.013816055,-0.005455762,-0.046057569,0.012215544,0.060738897,"57,584","58,290","59,557","46,318","41,806","46,428","52,916",,0.012271502,0.021736222,-0.222290714,-0.097414901,0.110560707,0.1397377,"530,766","514,527","521,828","492,646","419,504","436,783","437,508",,-0.030596618,0.014190758,-0.055923198,-0.148466846,0.041187026,0.00166009,"561,334","541,990","552,674","513,100","424,906","446,461","438,940",,-0.034460961,0.019713074,-0.071603771,-0.171886008,0.050730869,-0.01684605
